Task Name,Description,Acceptance Criteria,Labels,Owner
"1.1 Requirement Gathering & Interviews","Conduct interviews with radiologists and sonographers to gather functional requirements. Section: SRS – Software Requirements Specification; Phase: Product Definition","10+ user interviews conducted; Documented feature list in PRD; Initial MVP defined","research,task,priority-critical",Mehr-Noor
"1.2 PRD Drafting","Compile requirements into a Product Requirement Document. Section: SRS; Phase: Product Definition","PRD includes features, users, constraints, scope; Reviewed by stakeholders","documentation,task,priority-high",Mehr-Noor
"2.1 Wireframe Design","Design wireframes for desktop and mobile UI. Section: System Architecture Overview; Phase: UI/UX Design","Wireframes approved by 3–5 medical professionals; Interactive prototype ready in Figma","design,task,priority-high",Mehr-Noor
"2.2 UI Mockups & Feedback","Prepare final UI mockups and gather feedback from doctors. Section: System Architecture Overview; Phase: UI/UX Design","Mockups reviewed and approved; Feedback incorporated into design","design,task,priority-high",Mehr-Noor
"3.1 Kubernetes Cluster Setup","Provision a managed Kubernetes cluster (AWS EKS/GKE) or local cluster (kind/minikube). Section: System Architecture Overview; Phase: Tech Selection & Architecture","kubectl access works; Cluster nodes are healthy and Ready; Setup documented in repo","devops,task,priority-critical",Mehr-Noor
"3.2 Helm & CI/CD Pipeline Preparation","Install Helm and prepare initial CI/CD pipeline templates for microservices deployment. Section: MLOps & DevOps Requirements; Phase: Tech Selection & Architecture","Helm installed and functional; CI/CD templates ready for FastAPI and Frontend services; Deployment pipeline documented","devops,task,priority-high",Mehr-Noor
"4.1 Patient Management Microservice","Develop backend microservice for patient records CRUD. Section: Functional Requirements; Phase: MVP Development","Endpoints functional and tested; Integration test with PostgreSQL passes; Swagger documentation complete","backend,task,priority-critical",Mehr-Noor
"4.2 Speech-to-Text Microservice Integration","Integrate STT engine (Whisper/Google) for real-time dictation. Section: Functional Requirements; Phase: MVP Development","Audio processed and converted to text; Error rate <5% medical terms; Logs stored in MongoDB","backend,task,priority-critical",Mehr-Noor
"4.3 Report Generation Microservice","Develop service to generate structured reports from STT output. Section: Functional Requirements; Phase: MVP Development","Reports generated correctly; Export PDF and structured format; Integration test passed","backend,task,priority-high",Mehr-Noor
"5.1 DICOM Storage & Indexing","Setup AWS S3 buckets and indexing pipeline for DICOM images. Section: Data Management Requirements; Phase: MVP Development","DICOM upload succeeds; Metadata indexed in PostgreSQL; Role-based access control works","devops,task,priority-high",Mehr-Noor
"5.2 Event Streaming Setup","Configure Kafka topics for patient data, reports, and STT events. Section: Data Management Requirements; Phase: MVP Development","Topics created and accessible; End-to-end producer/consumer test passes; Documentation updated","devops,task,priority-critical",Mehr-Noor
"5.3 Data Backup & Encryption","Implement backup strategy and encryption for all patient data. Section: Data Management Requirements; Phase: MVP Development","Scheduled backups verified; Data encrypted at rest and in transit; Restore tested","devops,task,priority-critical",Mehr-Noor
"6.1 Compliance Audit & Documentation","Prepare HIPAA/GDPR compliance documentation. Section: Compliance & Regulatory Requirements; Phase: Compliance & Release Prep","Audit logs enabled; Encryption verified; Documentation approved by QA/legal team","compliance,task,priority-critical",Mehr-Noor
"6.2 Security Testing","Perform penetration testing and security audit. Section: Compliance & Regulatory Requirements; Phase: Compliance & Release Prep","All critical vulnerabilities resolved; Security report approved","security,task,priority-critical",Mehr-Noor
"7.1 Prometheus & Grafana Setup","Deploy Prometheus & Grafana to monitor microservices and STT pipeline. Section: Monitoring & Observability; Phase: Testing & Iteration","Metrics visible for all microservices; Alerts configured; Dashboards documented","devops,task,priority-high",Mehr-Noor
"7.2 Logging & Alerting","Implement centralized logging and alerting system. Section: Monitoring & Observability; Phase: Testing & Iteration","Logs collected; Alerts sent on failures; Documentation complete","devops,task,priority-high",Mehr-Noor
"8.1 AI Image Analysis Service","Build containerized AI microservice for ultrasound image analysis. Section: Advanced Features Development; Phase: Post-release","Model deployed in Kubernetes; Feature pipeline tested; Fine-tuned model accuracy meets threshold","ai,task,priority-high",Mehr-Noor
"8.2 Multi-language Support Implementation","Implement multilingual support for reports and UI. Section: Functional Requirements / Advanced Features; Phase: Post-release","English, Persian, and other languages selectable; UI displays correctly; Reports exported in selected language","frontend,task,priority-medium",Mehr-Noor
"8.3 Advanced Reporting Features","Develop automatic report formatting and template system. Section: Advanced Features Development; Phase: Post-release","Reports automatically formatted; Templates applied correctly; Export functions work","backend,task,priority-high",Mehr-Noor
"8.4 AI Model Monitoring & Retraining Pipeline","Implement monitoring and retraining pipeline for AI models. Section: MLOps & DevOps Requirements / Advanced Features Development; Phase: Post-release","AI model performance monitored; Retraining pipeline operational; Metrics tracked in Grafana/Prometheus","ai,devops,priority-high",Mehr-Noor
